Name,DisplayName,GivenName,Surname,SamAccountName,UserPrincipalName,EmployeeID,AccountPassword,Description,EmailAddress,Enabled,MobilePhone,Company,Office,Department,Division,Organization,OfficePhone,StreetAddress,City,State,Country,PostalCode,Path,ProfilePath
Patrick Heninghem,Patrick Heninghem,Patrick,Heninghem,PH6558,PH6558@vcloud-lab.com,6558,PaTo@6558,Employee,Patrick.Heninghem@vcloud-lab.com,$True,184.192.5.227,vcloud-lab.com,Development Center,Testing,Software,Cider,339692762,2392 Cameron Road,HIGH BRIDGE,Wisconsin,US,54846,"ou=New,dc=vcloud-lab,dc=com",\\vcloud-lab.com\Profiles\%username%
Allyson Tollfree,Allyson Tollfree,Allyson,Tollfree,AT6508,AT6508@vcloud-lab.com,6508,AlSa@6508,Employee,Allyson.Tollfree@vcloud-lab.com,$True,39.31.26.0,vcloud-lab.com,Development Center,Testing,Software,Cider,257012067,2392 Cameron Road,HIGH BRIDGE,Wisconsin,US,54846,"ou=New,dc=vcloud-lab,dc=com",\\vcloud-lab.com\Profiles\%username%
Stirling Santry,Stirling Santry,Stirling,Santry,SS6336,SS6336@vcloud-lab.com,6336,StDi@6336,Employee,Stirling.Santry@vcloud-lab.com,$True,122.188.191.56,vcloud-lab.com,Development Center,Testing,Software,Cider,344409984,2392 Cameron Road,HIGH BRIDGE,Wisconsin,US,54846,"ou=New,dc=vcloud-lab,dc=com",\\vcloud-lab.com\Profiles\%username%
Marylou Di Giacomettino,Marylou Di Giacomettino,Marylou,Di Giacomettino,MD6418,MD6418@vcloud-lab.com,6418,MaBa@6418,Employee,Marylou.Di Giacomettino@vcloud-lab.com,$True,246.158.248.216,vcloud-lab.com,Development Center,Testing,Software,Cider,559085169,2392 Cameron Road,HIGH BRIDGE,Wisconsin,US,54846,"ou=New,dc=vcloud-lab,dc=com",\\vcloud-lab.com\Profiles\%username%
Pepi Bartul,Pepi Bartul,Pepi,Bartul,PB6544,PB6544@vcloud-lab.com,6544,PeMe@6544,Employee,Pepi.Bartul@vcloud-lab.com,$True,23.210.214.13,vcloud-lab.com,Development Center,Testing,Software,AfterMath,867201708,1454 Copperhead Road,Suffield,Connecticut,UK,6078,"ou=New,dc=vcloud-lab,dc=com",\\vcloud-lab.com\Profiles\%username%
Langston Mewis,Langston Mewis,Langston,Mewis,LM6677,LM6677@vcloud-lab.com,6677,LaBh@6677,Employee,Langston.Mewis@vcloud-lab.com,$True,172.186.102.204,vcloud-lab.com,Development Center,Testing,Software,AfterMath,604658746,1454 Copperhead Road,Suffield,Connecticut,UK,6078,"ou=New,dc=vcloud-lab,dc=com",\\vcloud-lab.com\Profiles\%username%
Morgan Bhatia,Morgan Bhatia,Morgan,Bhatia,MB6388,MB6388@vcloud-lab.com,6388,MoCa@6388,Employee,Morgan.Bhatia@vcloud-lab.com,$True,129.121.190.242,vcloud-lab.com,Development Center,Development,Software,AfterMath,114461256,1454 Copperhead Road,Suffield,Connecticut,UK,6078,"ou=New,dc=vcloud-lab,dc=com",\\vcloud-lab.com\Profiles\%username%
Vale Casotti,Vale Casotti,Vale,Casotti,VC6766,VC6766@vcloud-lab.com,6766,VaKe@6766,Employee,Vale.Casotti@vcloud-lab.com,$True,120.242.87.177,vcloud-lab.com,Development Center,Development,Software,AfterMath,490650523,1454 Copperhead Road,Suffield,Connecticut,UK,6078,"ou=New,dc=vcloud-lab,dc=com",\\vcloud-lab.com\Profiles\%username%
Clerc Kernan,Clerc Kernan,Clerc,Kernan,CK6630,CK6630@vcloud-lab.com,6630,ClSi@6630,Employee,Clerc.Kernan@vcloud-lab.com,$True,60.92.116.36,vcloud-lab.com,Development Center,Development,Hardware,44M,800298538,1454 Copperhead Road,Suffield,Connecticut,UK,6078,"ou=New,dc=vcloud-lab,dc=com",\\vcloud-lab.com\Profiles\%username%
Margarethe Silk,Margarethe Silk,Margarethe,Silk,MS6350,MS6350@vcloud-lab.com,6350,MaSc@6350,Employee,Margarethe.Silk@vcloud-lab.com,$True,132.153.191.115,vcloud-lab.com,Development Center,Development,Hardware,44M,571142145,1454 Copperhead Road,Suffield,Connecticut,UK,6078,"ou=New,dc=vcloud-lab,dc=com",\\vcloud-lab.com\Profiles\%username%
Vivienne Scalia,Vivienne Scalia,Vivienne,Scalia,VS6672,VS6672@vcloud-lab.com,6672,ViAn@6672,Employee,Vivienne.Scalia@vcloud-lab.com,$True,148.41.196.50,vcloud-lab.com,Development Center,Development,Hardware,44M,536798249,1454 Copperhead Road,Suffield,Connecticut,UK,6078,"ou=New,dc=vcloud-lab,dc=com",\\vcloud-lab.com\Profiles\%username%
Maryl Anster,Maryl Anster,Maryl,Anster,MA6335,MA6335@vcloud-lab.com,6335,MaGi@6335,Employee,Maryl.Anster@vcloud-lab.com,$True,132.218.134.10,vcloud-lab.com,Development Center,Development,Hardware,Botany Projection,213832376,2392 Cameron Road,HIGH BRIDGE,Wisconsin,US,54846,"ou=New,dc=vcloud-lab,dc=com",\\vcloud-lab.com\Profiles\%username%
Benyamin Gibby,Benyamin Gibby,Benyamin,Gibby,BG6686,BG6686@vcloud-lab.com,6686,BeGr@6686,Employee,Benyamin.Gibby@vcloud-lab.com,$True,114.208.105.146,vcloud-lab.com,Development Center,Development,Hardware,Botany Projection,962119640,1454 Copperhead Road,Suffield,Connecticut,UK,6078,"ou=New,dc=vcloud-lab,dc=com",\\vcloud-lab.com\Profiles\%username%
Mame Groneway,Mame Groneway,Mame,Groneway,MG6407,MG6407@vcloud-lab.com,6407,MaBr@6407,Employee,Mame.Groneway@vcloud-lab.com,$True,200.236.170.181,vcloud-lab.com,Infrastructure Center,L3 support,Linux,US Principals,563342716,4570 East Avenue,Phoenix,Arizona,US,85016,"ou=New,dc=vcloud-lab,dc=com",\\vcloud-lab.com\Profiles\%username%
Massimo Breheny,Massimo Breheny,Massimo,Breheny,MB6478,MB6478@vcloud-lab.com,6478,MaLa@6478,Employee,Massimo.Breheny@vcloud-lab.com,$True,55.104.206.127,vcloud-lab.com,Infrastructure Center,L3 support,Linux,US Principals,429315858,4570 East Avenue,Phoenix,Arizona,US,85016,"ou=New,dc=vcloud-lab,dc=com",\\vcloud-lab.com\Profiles\%username%
Melanie Labbett,Melanie Labbett,Melanie,Labbett,ML6763,ML6763@vcloud-lab.com,6763,MeOl@6763,Employee,Melanie.Labbett@vcloud-lab.com,$True,51.14.53.195,vcloud-lab.com,Infrastructure Center,L3 support,Linux,US Principals,533505470,4570 East Avenue,Phoenix,Arizona,US,85016,"ou=New,dc=vcloud-lab,dc=com",\\vcloud-lab.com\Profiles\%username%
Scarlet Olivie,Scarlet Olivie,Scarlet,Olivie,SO6702,SO6702@vcloud-lab.com,6702,ScMc@6702,Employee,Scarlet.Olivie@vcloud-lab.com,$True,24.152.160.180,vcloud-lab.com,Infrastructure Center,L3 support,Vmware,US Principals,666711554,4570 East Avenue,Phoenix,Arizona,US,85016,"ou=New,dc=vcloud-lab,dc=com",\\vcloud-lab.com\Profiles\%username%
Alexander McNeachtain,Alexander McNeachtain,Alexander,McNeachtain,AM6263,AM6263@vcloud-lab.com,6263,AlDr@6263,Employee,Alexander.McNeachtain@vcloud-lab.com,$True,158.207.223.86,vcloud-lab.com,Infrastructure Center,L3 support,Vmware,US Principals,191474934,1454 Copperhead Road,Suffield,Connecticut,UK,6078,"ou=New,dc=vcloud-lab,dc=com",\\vcloud-lab.com\Profiles\%username%
Davon Drance,Davon Drance,Davon,Drance,DD6238,DD6238@vcloud-lab.com,6238,DaMi@6238,Employee,Davon.Drance@vcloud-lab.com,$True,190.190.151.170,vcloud-lab.com,Infrastructure Center,L3 support,Vmware,US Principals,298924101,4570 East Avenue,Phoenix,Arizona,US,85016,"ou=New,dc=vcloud-lab,dc=com",\\vcloud-lab.com\Profiles\%username%
Lainey Micco,Lainey Micco,Lainey,Micco,LM6479,LM6479@vcloud-lab.com,6479,LaCo@6479,Employee,Lainey.Micco@vcloud-lab.com,$True,88.107.162.118,vcloud-lab.com,Infrastructure Center,L3 support,Windows,US Principals,303141289,4570 East Avenue,Phoenix,Arizona,US,85016,"ou=New,dc=vcloud-lab,dc=com",\\vcloud-lab.com\Profiles\%username%
Ola Coutts,Ola Coutts,Ola,Coutts,OC6264,OC6264@vcloud-lab.com,6264,OlRa@6264,Employee,Ola.Coutts@vcloud-lab.com,$True,62.33.224.13,vcloud-lab.com,Infrastructure Center,L3 support,Windows,US Principals,509372237,4570 East Avenue,Phoenix,Arizona,US,85016,"ou=New,dc=vcloud-lab,dc=com",\\vcloud-lab.com\Profiles\%username%
Munroe Raper,Munroe Raper,Munroe,Raper,MR6422,MR6422@vcloud-lab.com,6422,MuCr@6422,Employee,Munroe.Raper@vcloud-lab.com,$True,229.63.8.37,vcloud-lab.com,Infrastructure Center,L3 support,Windows,US Principals,869205079,4570 East Avenue,Phoenix,Arizona,US,85016,"ou=New,dc=vcloud-lab,dc=com",\\vcloud-lab.com\Profiles\%username%
Nikolaos Craig,Nikolaos Craig,Nikolaos,Craig,NC6241,NC6241@vcloud-lab.com,6241,NiCo@6241,Employee,Nikolaos.Craig@vcloud-lab.com,$True,207.223.237.198,vcloud-lab.com,Infrastructure Center,L0 Support,Windows,US Principals,770663360,4570 East Avenue,Phoenix,Arizona,US,85016,"ou=New,dc=vcloud-lab,dc=com",\\vcloud-lab.com\Profiles\%username%
Verna Corkitt,Verna Corkitt,Verna,Corkitt,VC6337,VC6337@vcloud-lab.com,6337,VeTo@6337,Employee,Verna.Corkitt@vcloud-lab.com,$True,255.171.161.179,vcloud-lab.com,Infrastructure Center,L0 Support,Other,US Principals,396973538,2392 Cameron Road,HIGH BRIDGE,Wisconsin,US,54846,"ou=New,dc=vcloud-lab,dc=com",\\vcloud-lab.com\Profiles\%username%
Simonette Toppin,Simonette Toppin,Simonette,Toppin,ST6728,ST6728@vcloud-lab.com,6728,SiCo@6728,Employee,Simonette.Toppin@vcloud-lab.com,$True,203.108.201.60,vcloud-lab.com,Infrastructure Center,L0 Support,Other,US Principals,490770048,2392 Cameron Road,HIGH BRIDGE,Wisconsin,US,54846,"ou=New,dc=vcloud-lab,dc=com",\\vcloud-lab.com\Profiles\%username%
Fancy Courtney,Fancy Courtney,Fancy,Courtney,FC6769,FC6769@vcloud-lab.com,6769,FaWy@6769,Employee,Fancy.Courtney@vcloud-lab.com,$True,118.112.184.155,vcloud-lab.com,Administration Center,Super Administrator,House Keeping,Local Infra,521891547,2392 Cameron Road,HIGH BRIDGE,Wisconsin,US,54846,"ou=New,dc=vcloud-lab,dc=com",\\vcloud-lab.com\Profiles\%username%
Peirce Wyon,Peirce Wyon,Peirce,Wyon,PW6719,PW6719@vcloud-lab.com,6719,PeSl@6719,Employee,Peirce.Wyon@vcloud-lab.com,$True,1.152.45.95,vcloud-lab.com,Administration Center,Super Administrator,House Keeping,Local Infra,404393064,2392 Cameron Road,HIGH BRIDGE,Wisconsin,US,54846,"ou=New,dc=vcloud-lab,dc=com",\\vcloud-lab.com\Profiles\%username%
Jeramie Slocum,Jeramie Slocum,Jeramie,Slocum,JS6556,JS6556@vcloud-lab.com,6556,JeCo@6556,Employee,Jeramie.Slocum@vcloud-lab.com,$True,148.18.65.183,vcloud-lab.com,Administration Center,Super Administrator,House Keeping,Local Infra,502551403,2392 Cameron Road,HIGH BRIDGE,Wisconsin,US,54846,"ou=New,dc=vcloud-lab,dc=com",\\vcloud-lab.com\Profiles\%username%
Gus Cocksedge,Gus Cocksedge,Gus,Cocksedge,GC6596,GC6596@vcloud-lab.com,6596,GuMa@6596,Employee,Gus.Cocksedge@vcloud-lab.com,$True,140.132.37.174,vcloud-lab.com,Administration Center,Super Administrator,Administration,Local Infra,844372419,2392 Cameron Road,HIGH BRIDGE,Wisconsin,US,54846,"ou=New,dc=vcloud-lab,dc=com",\\vcloud-lab.com\Profiles\%username%
Lyle Mattussevich,Lyle Mattussevich,Lyle,Mattussevich,LM6397,LM6397@vcloud-lab.com,6397,LyWa@6397,Employee,Lyle.Mattussevich@vcloud-lab.com,$True,184.64.96.149,vcloud-lab.com,Administration Center,Administrator,General Administration,Global Infra,379178285,1454 Copperhead Road,Suffield,Connecticut,UK,6078,"ou=New,dc=vcloud-lab,dc=com",\\vcloud-lab.com\Profiles\%username%
Gigi Wallicker,Gigi Wallicker,Gigi,Wallicker,GW6215,GW6215@vcloud-lab.com,6215,GiLo@6215,Employee,Gigi.Wallicker@vcloud-lab.com,$True,55.133.155.229,vcloud-lab.com,Administration Center,Administrator,General Administration,Global Infra,353699137,1454 Copperhead Road,Suffield,Connecticut,UK,6078,"ou=New,dc=vcloud-lab,dc=com",\\vcloud-lab.com\Profiles\%username%
Jimmie Loram,Jimmie Loram,Jimmie,Loram,JL6484,JL6484@vcloud-lab.com,6484,JiBr@6484,Employee,Jimmie.Loram@vcloud-lab.com,$True,6.211.23.130,vcloud-lab.com,Administration Center,Administrator,General Administration,Global Infra,106556871,1454 Copperhead Road,Suffield,Connecticut,UK,6078,"ou=New,dc=vcloud-lab,dc=com",\\vcloud-lab.com\Profiles\%username%
Kipper Brenston,Kipper Brenston,Kipper,Brenston,KB6355,KB6355@vcloud-lab.com,6355,KiJo@6355,Employee,Kipper.Brenston@vcloud-lab.com,$True,112.72.102.81,vcloud-lab.com,Administration Center,Administrator,General Administration,Global Infra,490250106,4570 East Avenue,Phoenix,Arizona,US,85016,"ou=New,dc=vcloud-lab,dc=com",\\vcloud-lab.com\Profiles\%username%
Jaimie Jovanovic,Jaimie Jovanovic,Jaimie,Jovanovic,JJ6314,JJ6314@vcloud-lab.com,6314,JaTi@6314,Employee,Jaimie.Jovanovic@vcloud-lab.com,$True,208.47.105.216,vcloud-lab.com,Administration Center,Asset manager,Desktop,Local Infra,614940748,4570 East Avenue,Phoenix,Arizona,US,85016,"ou=New,dc=vcloud-lab,dc=com",\\vcloud-lab.com\Profiles\%username%
Esdras Tinner,Esdras Tinner,Esdras,Tinner,ET6352,ET6352@vcloud-lab.com,6352,EsSe@6352,Employee,Esdras.Tinner@vcloud-lab.com,$True,203.226.67.144,vcloud-lab.com,Administration Center,Asset manager,Desktop,Local Infra,803390479,4570 East Avenue,Phoenix,Arizona,US,85016,"ou=New,dc=vcloud-lab,dc=com",\\vcloud-lab.com\Profiles\%username%
Stephi Serfati,Stephi Serfati,Stephi,Serfati,SS6220,SS6220@vcloud-lab.com,6220,StGr@6220,Employee,Stephi.Serfati@vcloud-lab.com,$True,183.173.76.232,vcloud-lab.com,Capacity Management,Asset manager,Desktop,Global Infra,637154325,1454 Copperhead Road,Suffield,Connecticut,UK,6078,"ou=New,dc=vcloud-lab,dc=com",\\vcloud-lab.com\Profiles\%username%
Rodolphe Griggs,Rodolphe Griggs,Rodolphe,Griggs,RG6529,RG6529@vcloud-lab.com,6529,RoGr@6529,Employee,Rodolphe.Griggs@vcloud-lab.com,$True,60.101.223.154,vcloud-lab.com,Capacity Management,Asset manager,Servers,US infra,599713416,4570 East Avenue,Phoenix,Arizona,US,85016,"ou=New,dc=vcloud-lab,dc=com",\\vcloud-lab.com\Profiles\%username%
Calhoun Grime,Calhoun Grime,Calhoun,Grime,CG6274,CG6274@vcloud-lab.com,6274,CaSt@6274,Employee,Calhoun.Grime@vcloud-lab.com,$True,105.68.101.28,vcloud-lab.com,Capacity Management,Asset manager,Servers,US infra,742221057,4570 East Avenue,Phoenix,Arizona,US,85016,"ou=New,dc=vcloud-lab,dc=com",\\vcloud-lab.com\Profiles\%username%
Nanny Stanborough,Nanny Stanborough,Nanny,Stanborough,NS6421,NS6421@vcloud-lab.com,6421,NaEv@6421,Employee,Nanny.Stanborough@vcloud-lab.com,$True,187.44.14.132,vcloud-lab.com,Capacity Management,Asset manager,servers,US infra,220706740,4570 East Avenue,Phoenix,Arizona,US,85016,"ou=New,dc=vcloud-lab,dc=com",\\vcloud-lab.com\Profiles\%username%
Udell Everist,Udell Everist,Udell,Everist,UE6369,UE6369@vcloud-lab.com,6369,UdGo@6369,Employee,Udell.Everist@vcloud-lab.com,$True,62.16.164.212,vcloud-lab.com,Capacity Management,Asset manager,General Administration,US infra,323420558,1454 Copperhead Road,Suffield,Connecticut,UK,6078,"ou=New,dc=vcloud-lab,dc=com",\\vcloud-lab.com\Profiles\%username%
Knox Goodwell,Knox Goodwell,Knox,Goodwell,KG6592,KG6592@vcloud-lab.com,6592,KnMa@6592,Employee,Knox.Goodwell@vcloud-lab.com,$True,21.64.176.145,vcloud-lab.com,Capacity Management,Asset manager,General Administration,US infra,372631135,1454 Copperhead Road,Suffield,Connecticut,UK,6078,"ou=New,dc=vcloud-lab,dc=com",\\vcloud-lab.com\Profiles\%username%
Denys Mayoral,Denys Mayoral,Denys,Mayoral,DM6471,DM6471@vcloud-lab.com,6471,DeAr@6471,Employee,Denys.Mayoral@vcloud-lab.com,$True,196.7.22.122,vcloud-lab.com,Capacity Management,Asset manager,General Administration,US infra,478482451,1454 Copperhead Road,Suffield,Connecticut,UK,6078,"ou=New,dc=vcloud-lab,dc=com",\\vcloud-lab.com\Profiles\%username%
Bobine Arblaster,Bobine Arblaster,Bobine,Arblaster,BA6587,BA6587@vcloud-lab.com,6587,BoCr@6587,Employee,Bobine.Arblaster@vcloud-lab.com,$True,223.10.225.72,vcloud-lab.com,Capacity Management,Asset manager,Requirements,US infra,489833277,2392 Cameron Road,HIGH BRIDGE,Wisconsin,US,54846,"ou=New,dc=vcloud-lab,dc=com",\\vcloud-lab.com\Profiles\%username%
Shela Crimmins,Shela Crimmins,Shela,Crimmins,SC6695,SC6695@vcloud-lab.com,6695,ShCr@6695,Employee,Shela.Crimmins@vcloud-lab.com,$True,221.74.95.62,vcloud-lab.com,Capacity Management,infrastructure Capacity,Desktop,Collectors,256616678,2392 Cameron Road,HIGH BRIDGE,Wisconsin,US,54846,"ou=New,dc=vcloud-lab,dc=com",\\vcloud-lab.com\Profiles\%username%
Leyla Cradock,Leyla Cradock,Leyla,Cradock,LC6759,LC6759@vcloud-lab.com,6759,LeBr@6759,Employee,Leyla.Cradock@vcloud-lab.com,$True,110.110.156.38,vcloud-lab.com,Capacity Management,infrastructure Capacity,Servers,Collectors,537627662,2392 Cameron Road,HIGH BRIDGE,Wisconsin,US,54846,"ou=New,dc=vcloud-lab,dc=com",\\vcloud-lab.com\Profiles\%username%
Pooh Brimner,Pooh Brimner,Pooh,Brimner,PB6338,PB6338@vcloud-lab.com,6338,PoLo@6338,Employee,Pooh.Brimner@vcloud-lab.com,$True,87.17.120.215,vcloud-lab.com,Security Center,Command Officer,Security,Collectors,262361280,1454 Copperhead Road,Suffield,Connecticut,UK,6078,"ou=New,dc=vcloud-lab,dc=com",\\vcloud-lab.com\Profiles\%username%
Lenard Lowthian,Lenard Lowthian,Lenard,Lowthian,LL6528,LL6528@vcloud-lab.com,6528,LeDa@6528,Employee,Lenard.Lowthian@vcloud-lab.com,$True,183.212.188.26,vcloud-lab.com,Security Center,Information Security,Infosec,Collectors,272217164,2392 Cameron Road,HIGH BRIDGE,Wisconsin,US,54846,"ou=New,dc=vcloud-lab,dc=com",\\vcloud-lab.com\Profiles\%username%
Katrinka Davie,Katrinka Davie,Katrinka,Davie,KD6487,KD6487@vcloud-lab.com,6487,KaCr@6487,Employee,Katrinka.Davie@vcloud-lab.com,$True,17.173.186.254,vcloud-lab.com,Security Center,Executive,security,Collectors,175501176,2392 Cameron Road,HIGH BRIDGE,Wisconsin,US,54846,"ou=New,dc=vcloud-lab,dc=com",\\vcloud-lab.com\Profiles\%username%
Ive Crowter,Ive Crowter,Ive,Crowter,IC6738,IC6738@vcloud-lab.com,6738,IvLi@6738,Employee,Ive.Crowter@vcloud-lab.com,$True,151.232.69.213,vcloud-lab.com,Security Center,Officer,Guard,Collectors,295174129,2392 Cameron Road,HIGH BRIDGE,Wisconsin,US,54846,"ou=New,dc=vcloud-lab,dc=com",\\vcloud-lab.com\Profiles\%username%
Dani Lippatt,Dani Lippatt,Dani,Lippatt,DL6509,DL6509@vcloud-lab.com,6509,DaDe@6509,Employee,Dani.Lippatt@vcloud-lab.com,$True,66.243.136.250,vcloud-lab.com,IT Department,L1 Support,Windows,Information Techology,243871625,2392 Cameron Road,HIGH BRIDGE,Wisconsin,US,54846,"ou=New,dc=vcloud-lab,dc=com",\\vcloud-lab.com\Profiles\%username%
Rachelle Derdes,Rachelle Derdes,Rachelle,Derdes,RD6204,RD6204@vcloud-lab.com,6204,RaLa@6204,Employee,Rachelle.Derdes@vcloud-lab.com,$True,251.64.101.185,vcloud-lab.com,IT Department,L1 Support,Windows,Information Techology,269255670,2392 Cameron Road,HIGH BRIDGE,Wisconsin,US,54846,"ou=New,dc=vcloud-lab,dc=com",\\vcloud-lab.com\Profiles\%username%
Jose Lawrie,Jose Lawrie,Jose,Lawrie,JL6655,JL6655@vcloud-lab.com,6655,JoBo@6655,Employee,Jose.Lawrie@vcloud-lab.com,$True,226.34.132.231,vcloud-lab.com,IT Department,L1 Support,Vmware,Information Techology,348282667,1454 Copperhead Road,Suffield,Connecticut,UK,6078,"ou=New,dc=vcloud-lab,dc=com",\\vcloud-lab.com\Profiles\%username%
Orlando Bonnesen,Orlando Bonnesen,Orlando,Bonnesen,OB6786,OB6786@vcloud-lab.com,6786,OrCa@6786,Employee,Orlando.Bonnesen@vcloud-lab.com,$True,73.228.70.9,vcloud-lab.com,IT Department,L2 Support,Vmware,Information Techology,210127358,2392 Cameron Road,HIGH BRIDGE,Wisconsin,US,54846,"ou=New,dc=vcloud-lab,dc=com",\\vcloud-lab.com\Profiles\%username%
Cherye Cahalin,Cherye Cahalin,Cherye,Cahalin,CC6566,CC6566@vcloud-lab.com,6566,ChAr@6566,Employee,Cherye.Cahalin@vcloud-lab.com,$True,234.200.107.117,vcloud-lab.com,IT Department,L2 Support,Linux,Information Techology,189318036,2392 Cameron Road,HIGH BRIDGE,Wisconsin,US,54846,"ou=New,dc=vcloud-lab,dc=com",\\vcloud-lab.com\Profiles\%username%
Trista Armour,Trista Armour,Trista,Armour,TA6405,TA6405@vcloud-lab.com,6405,TrVa@6405,Employee,Trista.Armour@vcloud-lab.com,$True,82.57.163.71,vcloud-lab.com,IT Department,L2 Support,Linux,Information Techology,869448034,2392 Cameron Road,HIGH BRIDGE,Wisconsin,US,54846,"ou=New,dc=vcloud-lab,dc=com",\\vcloud-lab.com\Profiles\%username%
Kristi Van Cassel,Kristi Van Cassel,Kristi,Van Cassel,KV6499,KV6499@vcloud-lab.com,6499,KrCl@6499,Employee,Kristi.Van Cassel@vcloud-lab.com,$True,97.1.110.161,vcloud-lab.com,IT Department,L3 support,open source,Information Techology,454834224,2392 Cameron Road,HIGH BRIDGE,Wisconsin,US,54846,"ou=New,dc=vcloud-lab,dc=com",\\vcloud-lab.com\Profiles\%username%
Krissy Clawley,Krissy Clawley,Krissy,Clawley,KC6306,KC6306@vcloud-lab.com,6306,KrBe@6306,Employee,Krissy.Clawley@vcloud-lab.com,$True,162.138.115.97,vcloud-lab.com,IT Department,L3 support,exchange,Information Techology,958095133,4570 East Avenue,Phoenix,Arizona,US,85016,"ou=New,dc=vcloud-lab,dc=com",\\vcloud-lab.com\Profiles\%username%
Gertruda Berringer,Gertruda Berringer,Gertruda,Berringer,GB6781,GB6781@vcloud-lab.com,6781,GeBi@6781,Employee,Gertruda.Berringer@vcloud-lab.com,$True,238.204.220.17,vcloud-lab.com,IT Department,L3 support,Office 365,Information Techology,255303150,4570 East Avenue,Phoenix,Arizona,US,85016,"ou=New,dc=vcloud-lab,dc=com",\\vcloud-lab.com\Profiles\%username%
Ernestine Bisson,Ernestine Bisson,Ernestine,Bisson,EB6555,EB6555@vcloud-lab.com,6555,ErYa@6555,Employee,Ernestine.Bisson@vcloud-lab.com,$True,122.203.147.52,vcloud-lab.com,IT Department,L3 support,Aws,Information Techology,997188805,4570 East Avenue,Phoenix,Arizona,US,85016,"ou=New,dc=vcloud-lab,dc=com",\\vcloud-lab.com\Profiles\%username%
Guthry Yarnall,Guthry Yarnall,Guthry,Yarnall,GY6210,GY6210@vcloud-lab.com,6210,GuFe@6210,Employee,Guthry.Yarnall@vcloud-lab.com,$True,91.206.43.227,vcloud-lab.com,IT Department,Architect,Azure,Information Techology,878769906,1454 Copperhead Road,Suffield,Connecticut,UK,6078,"ou=New,dc=vcloud-lab,dc=com",\\vcloud-lab.com\Profiles\%username%
Ofella Ferrar,Ofella Ferrar,Ofella,Ferrar,OF6476,OF6476@vcloud-lab.com,6476,OfOe@6476,Employee,Ofella.Ferrar@vcloud-lab.com,$True,145.129.164.11,vcloud-lab.com,IT Department,Architect,Networking,Information Techology,464729760,4570 East Avenue,Phoenix,Arizona,US,85016,"ou=New,dc=vcloud-lab,dc=com",\\vcloud-lab.com\Profiles\%username%
Vivian Oertzen,Vivian Oertzen,Vivian,Oertzen,VO6245,VO6245@vcloud-lab.com,6245,ViSm@6245,Employee,Vivian.Oertzen@vcloud-lab.com,$True,138.165.142.72,vcloud-lab.com,Management,Business Analyst,Contractors,Managers,254459589,4570 East Avenue,Phoenix,Arizona,US,85016,"ou=New,dc=vcloud-lab,dc=com",\\vcloud-lab.com\Profiles\%username%
Angie Smitten,Angie Smitten,Angie,Smitten,AS6678,AS6678@vcloud-lab.com,6678,AnPi@6678,Employee,Angie.Smitten@vcloud-lab.com,$True,76.151.122.165,vcloud-lab.com,Management,Business Analyst,Contractors,Managers,190159288,4570 East Avenue,Phoenix,Arizona,US,85016,"ou=New,dc=vcloud-lab,dc=com",\\vcloud-lab.com\Profiles\%username%
Web Pittendreigh,Web Pittendreigh,Web,Pittendreigh,WP6613,WP6613@vcloud-lab.com,6613,WeAm@6613,Employee,Web.Pittendreigh@vcloud-lab.com,$True,175.246.252.57,vcloud-lab.com,Management,Business Analyst,General Management,Managers,315759619,4570 East Avenue,Phoenix,Arizona,US,85016,"ou=New,dc=vcloud-lab,dc=com",\\vcloud-lab.com\Profiles\%username%
Harley Ames,Harley Ames,Harley,Ames,HA6633,HA6633@vcloud-lab.com,6633,HaSp@6633,Employee,Harley.Ames@vcloud-lab.com,$True,106.146.88.157,vcloud-lab.com,Management,Analyst,General Management,Managers,122389825,2392 Cameron Road,HIGH BRIDGE,Wisconsin,US,54846,"ou=New,dc=vcloud-lab,dc=com",\\vcloud-lab.com\Profiles\%username%
Cynthie Spittall,Cynthie Spittall,Cynthie,Spittall,CS6209,CS6209@vcloud-lab.com,6209,CyId@6209,Employee,Cynthie.Spittall@vcloud-lab.com,$True,13.136.211.190,vcloud-lab.com,Management,Chief Officer,General Management,Managers,306078039,2392 Cameron Road,HIGH BRIDGE,Wisconsin,US,54846,"ou=New,dc=vcloud-lab,dc=com",\\vcloud-lab.com\Profiles\%username%
Natal Iddens,Natal Iddens,Natal,Iddens,NI6789,NI6789@vcloud-lab.com,6789,NaTh@6789,Employee,Natal.Iddens@vcloud-lab.com,$True,182.193.110.53,vcloud-lab.com,Management,Architect,General Management,Managers,482720611,2392 Cameron Road,HIGH BRIDGE,Wisconsin,US,54846,"ou=New,dc=vcloud-lab,dc=com",\\vcloud-lab.com\Profiles\%username%
Fanni Thomel,Fanni Thomel,Fanni,Thomel,FT6612,FT6612@vcloud-lab.com,6612,FaJi@6612,Employee,Fanni.Thomel@vcloud-lab.com,$True,237.15.32.226,vcloud-lab.com,Management,Architect,General Management,Managers,233163361,1454 Copperhead Road,Suffield,Connecticut,UK,6078,"ou=New,dc=vcloud-lab,dc=com",\\vcloud-lab.com\Profiles\%username%
Randy Jiracek,Randy Jiracek,Randy,Jiracek,RJ6646,RJ6646@vcloud-lab.com,6646,RaBo@6646,Employee,Randy.Jiracek@vcloud-lab.com,$True,27.180.243.153,vcloud-lab.com,Management,Principle Architect,General Management,Managers,442685882,1454 Copperhead Road,Suffield,Connecticut,UK,6078,"ou=New,dc=vcloud-lab,dc=com",\\vcloud-lab.com\Profiles\%username%
Betsey Bowell,Betsey Bowell,Betsey,Bowell,BB6726,BB6726@vcloud-lab.com,6726,BeLi@6726,Employee,Betsey.Bowell@vcloud-lab.com,$True,142.28.249.236,vcloud-lab.com,Management,Manager,General Management,Managers,455453520,1454 Copperhead Road,Suffield,Connecticut,UK,6078,"ou=New,dc=vcloud-lab,dc=com",\\vcloud-lab.com\Profiles\%username%
Matty Limbert,Matty Limbert,Matty,Limbert,ML6734,ML6734@vcloud-lab.com,6734,MaBo@6734,Employee,Matty.Limbert@vcloud-lab.com,$True,96.48.39.211,vcloud-lab.com,Management,Manager,General Management,Managers,421243544,1454 Copperhead Road,Suffield,Connecticut,UK,6078,"ou=New,dc=vcloud-lab,dc=com",\\vcloud-lab.com\Profiles\%username%
Cory Borit,Cory Borit,Cory,Borit,CB6589,CB6589@vcloud-lab.com,6589,CoIr@6589,Employee,Cory.Borit@vcloud-lab.com,$True,185.187.54.152,vcloud-lab.com,Management,Assistant Manager,General Management,Managers,520317852,1454 Copperhead Road,Suffield,Connecticut,UK,6078,"ou=New,dc=vcloud-lab,dc=com",\\vcloud-lab.com\Profiles\%username%
Devora Ironmonger,Devora Ironmonger,Devora,Ironmonger,DI6445,DI6445@vcloud-lab.com,6445,DeKo@6445,Employee,Devora.Ironmonger@vcloud-lab.com,$True,92.53.10.219,vcloud-lab.com,HR Center,Manager,Voice President,Human Resource,760888147,1454 Copperhead Road,Suffield,Connecticut,UK,6078,"ou=New,dc=vcloud-lab,dc=com",\\vcloud-lab.com\Profiles\%username%
Michelina Kopfen,Michelina Kopfen,Michelina,Kopfen,MK6760,MK6760@vcloud-lab.com,6760,MiGr@6760,Employee,Michelina.Kopfen@vcloud-lab.com,$True,247.250.66.1,vcloud-lab.com,HR Center,consultant,Assistant President,Human Resource,386276841,2392 Cameron Road,HIGH BRIDGE,Wisconsin,US,54846,"ou=New,dc=vcloud-lab,dc=com",\\vcloud-lab.com\Profiles\%username%
Gan Grigg,Gan Grigg,Gan,Grigg,GG6573,GG6573@vcloud-lab.com,6573,GaNe@6573,Employee,Gan.Grigg@vcloud-lab.com,$True,43.255.125.42,vcloud-lab.com,HR Center,consultant,Assistant President,Human Resource,171277326,2392 Cameron Road,HIGH BRIDGE,Wisconsin,US,54846,"ou=New,dc=vcloud-lab,dc=com",\\vcloud-lab.com\Profiles\%username%
Dolley Newiss,Dolley Newiss,Dolley,Newiss,DN6572,DN6572@vcloud-lab.com,6572,DoMa@6572,Employee,Dolley.Newiss@vcloud-lab.com,$True,245.145.74.40,vcloud-lab.com,Employees,Sr. Manager,Operations,Operation Management,650086587,2392 Cameron Road,HIGH BRIDGE,Wisconsin,US,54846,"ou=New,dc=vcloud-lab,dc=com",\\vcloud-lab.com\Profiles\%username%
Richard Mallion,Richard Mallion,Richard,Mallion,RM6582,RM6582@vcloud-lab.com,6582,RiDu@6582,Employee,Richard.Mallion@vcloud-lab.com,$True,14.157.158.121,vcloud-lab.com,Employees,General Manager,Operations,Operation Management,103388359,4570 East Avenue,Phoenix,Arizona,US,85016,"ou=New,dc=vcloud-lab,dc=com",\\vcloud-lab.com\Profiles\%username%
Loree Durrance,Loree Durrance,Loree,Durrance,LD6320,LD6320@vcloud-lab.com,6320,LoPl@6320,Employee,Loree.Durrance@vcloud-lab.com,$True,52.124.132.13,vcloud-lab.com,Employees,Sr. Manager,Operations,Operation Management,436549725,4570 East Avenue,Phoenix,Arizona,US,85016,"ou=New,dc=vcloud-lab,dc=com",\\vcloud-lab.com\Profiles\%username%
Audre Plowright,Audre Plowright,Audre,Plowright,AP6790,AP6790@vcloud-lab.com,6790,AuSt@6790,Employee,Audre.Plowright@vcloud-lab.com,$True,193.209.96.139,vcloud-lab.com,Employees,Assistant Manager,Operations,Operation Management,525080049,2392 Cameron Road,HIGH BRIDGE,Wisconsin,US,54846,"ou=New,dc=vcloud-lab,dc=com",\\vcloud-lab.com\Profiles\%username%
Adolphe Stonebanks,Adolphe Stonebanks,Adolphe,Stonebanks,AS6392,AS6392@vcloud-lab.com,6392,AdWi@6392,Employee,Adolphe.Stonebanks@vcloud-lab.com,$True,229.67.213.136,vcloud-lab.com,Employees,Assistant Manager,Operations,Operation Management,623035933,2392 Cameron Road,HIGH BRIDGE,Wisconsin,US,54846,"ou=New,dc=vcloud-lab,dc=com",\\vcloud-lab.com\Profiles\%username%
Angus Wildber,Angus Wildber,Angus,Wildber,AW6751,AW6751@vcloud-lab.com,6751,AnCh@6751,Employee,Angus.Wildber@vcloud-lab.com,$True,171.100.120.90,vcloud-lab.com,Employees,Team Leader,Operations,Operation Management,583214197,2392 Cameron Road,HIGH BRIDGE,Wisconsin,US,54846,"ou=New,dc=vcloud-lab,dc=com",\\vcloud-lab.com\Profiles\%username%
Dilly Cherrie,Dilly Cherrie,Dilly,Cherrie,DC6585,DC6585@vcloud-lab.com,6585,DiAl@6585,Employee,Dilly.Cherrie@vcloud-lab.com,$True,244.221.61.195,vcloud-lab.com,Employees,Team Leader,Operations,Operation Management,459827885,4570 East Avenue,Phoenix,Arizona,US,85016,"ou=New,dc=vcloud-lab,dc=com",\\vcloud-lab.com\Profiles\%username%
Bjorn Aleixo,Bjorn Aleixo,Bjorn,Aleixo,BA6526,BA6526@vcloud-lab.com,6526,BjWa@6526,Employee,Bjorn.Aleixo@vcloud-lab.com,$True,45.69.180.213,vcloud-lab.com,Employees,Team Leader,Operations,Operation Management,655973340,4570 East Avenue,Phoenix,Arizona,US,85016,"ou=New,dc=vcloud-lab,dc=com",\\vcloud-lab.com\Profiles\%username%
Nev Waycott,Nev Waycott,Nev,Waycott,NW6359,NW6359@vcloud-lab.com,6359,NeCo@6359,Contractor,Nev.Waycott@vcloud-lab.com,$False,53.37.98.28,vcloud-lab.com,Employees,Associate consultant,Operations,Operation Management,104343450,4570 East Avenue,Phoenix,Arizona,US,85016,"ou=New,dc=vcloud-lab,dc=com",\\vcloud-lab.com\Profiles\%username%
Elberta Cowles,Elberta Cowles,Elberta,Cowles,EC6689,EC6689@vcloud-lab.com,6689,ElGr@6689,Contractor,Elberta.Cowles@vcloud-lab.com,$False,191.142.102.229,vcloud-lab.com,Employees,Associate consultant,Operations,Operation Management,139579409,4570 East Avenue,Phoenix,Arizona,US,85016,"ou=New,dc=vcloud-lab,dc=com",\\vcloud-lab.com\Profiles\%username%
Fabe Greenstock,Fabe Greenstock,Fabe,Greenstock,FG6746,FG6746@vcloud-lab.com,6746,FaHu@6746,Contractor,Fabe.Greenstock@vcloud-lab.com,$False,52.189.0.143,vcloud-lab.com,Employees,Associate consultant,Operations,Operation Management,496540836,4570 East Avenue,Phoenix,Arizona,US,85016,"ou=New,dc=vcloud-lab,dc=com",\\vcloud-lab.com\Profiles\%username%
Maxwell Huthart,Maxwell Huthart,Maxwell,Huthart,MH6477,MH6477@vcloud-lab.com,6477,MaBu@6477,Contractor,Maxwell.Huthart@vcloud-lab.com,$False,111.198.155.77,vcloud-lab.com,Employees,Associate consultant,Operations,Operation Management,959007820,4570 East Avenue,Phoenix,Arizona,US,85016,"ou=New,dc=vcloud-lab,dc=com",\\vcloud-lab.com\Profiles\%username%
Mabel Bulleyn,Mabel Bulleyn,Mabel,Bulleyn,MB6446,MB6446@vcloud-lab.com,6446,MaMc@6446,Contractor,Mabel.Bulleyn@vcloud-lab.com,$False,85.104.218.52,vcloud-lab.com,Employees,Associate consultant,Operations,Operation Management,131990016,4570 East Avenue,Phoenix,Arizona,US,85016,"ou=New,dc=vcloud-lab,dc=com",\\vcloud-lab.com\Profiles\%username%
Inness McTrustie,Inness McTrustie,Inness,McTrustie,IM6756,IM6756@vcloud-lab.com,6756,InNe@6756,Contractor,Inness.McTrustie@vcloud-lab.com,$False,74.96.11.91,vcloud-lab.com,Employees,Associate consultant,Operations,Operation Management,619445895,4570 East Avenue,Phoenix,Arizona,US,85016,"ou=New,dc=vcloud-lab,dc=com",\\vcloud-lab.com\Profiles\%username%
Lidia Negro,Lidia Negro,Lidia,Negro,LN6485,LN6485@vcloud-lab.com,6485,LiDy@6485,Contractor,Lidia.Negro@vcloud-lab.com,$False,152.138.253.130,vcloud-lab.com,Employees,Associate consultant,Operations,Operation Management,646017124,1454 Copperhead Road,Suffield,Connecticut,UK,6078,"ou=New,dc=vcloud-lab,dc=com",\\vcloud-lab.com\Profiles\%username%
Ingemar Dyne,Ingemar Dyne,Ingemar,Dyne,ID6308,ID6308@vcloud-lab.com,6308,InSl@6308,Contractor,Ingemar.Dyne@vcloud-lab.com,$False,19.22.225.238,vcloud-lab.com,Employees,Engineer,Operations,Operation Management,132200694,4570 East Avenue,Phoenix,Arizona,US,85016,"ou=New,dc=vcloud-lab,dc=com",\\vcloud-lab.com\Profiles\%username%
Rozanna Slowgrave,Rozanna Slowgrave,Rozanna,Slowgrave,RS6547,RS6547@vcloud-lab.com,6547,RoCr@6547,Contractor,Rozanna.Slowgrave@vcloud-lab.com,$False,89.238.202.38,vcloud-lab.com,Employees,Engineer,Operations,Operation Management,593421042,1454 Copperhead Road,Suffield,Connecticut,UK,6078,"ou=New,dc=vcloud-lab,dc=com",\\vcloud-lab.com\Profiles\%username%
Sheena Craker,Sheena Craker,Sheena,Craker,SC6772,SC6772@vcloud-lab.com,6772,ShDe@6772,Employee,Sheena.Craker@vcloud-lab.com,$True,244.105.52.134,vcloud-lab.com,Employees,Analyst,Operations,Operation Management,700474205,1454 Copperhead Road,Suffield,Connecticut,UK,6078,"ou=New,dc=vcloud-lab,dc=com",\\vcloud-lab.com\Profiles\%username%
Montague De Freyne,Montague De Freyne,Montague,De Freyne,MD6432,MD6432@vcloud-lab.com,6432,MoBu@6432,Employee,Montague.De Freyne@vcloud-lab.com,$True,208.207.137.32,vcloud-lab.com,Employees,Analyst,Operations,Operation Management,173592866,2392 Cameron Road,HIGH BRIDGE,Wisconsin,US,54846,"ou=New,dc=vcloud-lab,dc=com",\\vcloud-lab.com\Profiles\%username%
Jyoti Bunning,Jyoti Bunning,Jyoti,Bunning,JB6392,JB6392@vcloud-lab.com,6392,JyCu@6392,Employee,Jyoti.Bunning@vcloud-lab.com,$True,220.226.15.211,vcloud-lab.com,Employees,Analyst,Operations,Operation Management,528359150,2392 Cameron Road,HIGH BRIDGE,Wisconsin,US,54846,"ou=New,dc=vcloud-lab,dc=com",\\vcloud-lab.com\Profiles\%username%
Charyl Cubley,Charyl Cubley,Charyl,Cubley,CC6715,CC6715@vcloud-lab.com,6715,ChTu@6715,Employee,Charyl.Cubley@vcloud-lab.com,$True,222.179.125.230,vcloud-lab.com,Employees,Analyst,Operations,Operation Management,545932297,2392 Cameron Road,HIGH BRIDGE,Wisconsin,US,54846,"ou=New,dc=vcloud-lab,dc=com",\\vcloud-lab.com\Profiles\%username%
Cash Turmel,Cash Turmel,Cash,Turmel,CT6627,CT6627@vcloud-lab.com,6627,CaHo@6627,Employee,Cash.Turmel@vcloud-lab.com,$True,149.118.121.114,vcloud-lab.com,Employees,Officer,Operations,Operation Management,245064263,4570 East Avenue,Phoenix,Arizona,US,85016,"ou=New,dc=vcloud-lab,dc=com",\\vcloud-lab.com\Profiles\%username%
Zandra Hodgets,Zandra Hodgets,Zandra,Hodgets,ZH6260,ZH6260@vcloud-lab.com,6260,ZaHo@6260,Employee,Zandra.Hodgets@vcloud-lab.com,$True,16.4.195.214,vcloud-lab.com,Employees,Officer,Operations,Operation Management,961748209,4570 East Avenue,Phoenix,Arizona,US,85016,"ou=New,dc=vcloud-lab,dc=com",\\vcloud-lab.com\Profiles\%username%
Elnore Howson,Elnore Howson,Elnore,Howson,EH6231,EH6231@vcloud-lab.com,6231,ElJa@6231,Employee,Elnore.Howson@vcloud-lab.com,$True,78.169.227.184,vcloud-lab.com,Employees,Officer,Operations,Operation Management,200390361,1454 Copperhead Road,Suffield,Connecticut,UK,6078,"ou=New,dc=vcloud-lab,dc=com",\\vcloud-lab.com\Profiles\%username%
Manya Jacmar,Manya Jacmar,Manya,Jacmar,MJ6224,MJ6224@vcloud-lab.com,6224,Ma@6224,Employee,Manya.Jacmar@vcloud-lab.com,$True,248.171.96.60,vcloud-lab.com,Employees,Officer,Operations,Operation Management,685827400,1454 Copperhead Road,Suffield,Connecticut,UK,6078,"ou=New,dc=vcloud-lab,dc=com",\\vcloud-lab.com\Profiles\%username%
